2,4,3,3,4,1,1,1,2,24,24,24,36,24,2,2,2,32,32,64,2,8,4,82.20623016357422
3,1,1,2,1,2,1,1,4,24,36,36,72,36,1,2,4,64,64,64,8,4,4,82.73979187011719
1,2,4,4,2,2,1,1,2,8,8,8,8,8,1,2,2,16,8,8,2,2,2,77.26765441894531
1,4,3,4,2,4,4,4,1,8,12,12,12,12,1,2,4,8,8,16,4,4,8,78.68222045898438
1,4,2,4,4,1,1,1,4,16,32,64,80,64,4,4,2,128,64,64,4,2,4,82.71498107910156
1,3,1,3,1,4,1,2,4,16,24,48,80,48,1,1,4,64,128,64,8,2,8,82.03250885009766
3,2,4,4,2,1,2,1,2,24,36,64,80,64,1,1,2,64,128,64,2,4,4,82.77702331542969
3,1,2,1,4,2,1,1,1,24,24,36,54,36,4,4,4,64,64,64,2,2,8,82.82665252685547
3,4,4,4,2,4,1,4,2,24,24,36,72,36,1,4,4,32,64,128,2,8,8,82.7894287109375
1,2,2,1,2,1,4,1,4,24,36,54,80,54,4,1,1,32,128,64,4,4,8,82.28067779541016
4,3,3,1,2,4,2,4,4,8,8,8,16,8,1,4,4,16,32,32,4,2,4,79.57563018798828
1,4,3,3,4,2,1,1,4,8,12,18,18,18,1,1,4,16,32,16,4,8,4,79.51358795166016
3,4,3,4,1,4,2,2,2,16,32,48,72,48,2,2,4,32,128,64,2,2,2,83.3850326538086
3,2,3,3,4,1,4,2,4,24,24,24,24,24,1,2,4,16,32,32,8,2,8,81.07705688476562
2,1,1,3,4,4,1,1,2,16,32,48,48,48,4,4,1,32,64,32,8,8,8,83.12445831298828
3,4,2,3,1,1,2,1,2,8,12,12,24,12,4,4,4,8,32,64,2,4,2,77.66472625732422
2,4,2,4,4,4,1,1,4,24,24,36,72,36,2,1,1,32,64,128,8,8,4,82.95073699951172
3,2,1,2,2,2,4,1,2,24,36,64,80,64,1,2,1,64,128,64,2,8,8,83.50911712646484
4,3,3,3,1,1,4,1,4,24,24,48,80,48,4,2,1,32,64,128,8,2,8,81.9084243774414
4,2,3,1,1,4,4,4,1,8,8,16,16,16,1,1,1,16,16,16,8,4,2,78.53331756591797
4,4,4,3,4,1,4,1,1,24,48,64,80,64,4,2,1,64,64,64,4,2,8,82.7894287109375
1,3,3,1,2,2,2,2,4,24,24,48,72,48,1,2,1,32,64,128,8,8,2,79.76175689697266
3,1,4,1,1,1,2,1,2,24,48,48,48,48,2,1,1,64,32,32,2,2,2,80.70480346679688
3,4,4,1,1,4,1,4,4,16,16,24,48,24,4,1,1,16,32,128,4,4,2,83.59597778320312
4,3,2,3,2,2,1,4,2,8,8,8,12,8,4,1,1,8,8,8,8,8,4,77.8508529663086
3,3,1,4,4,1,4,4,2,8,8,16,32,16,4,1,4,16,64,64,4,2,8,79.89825439453125
3,1,4,1,2,1,4,2,1,16,24,48,80,48,2,2,2,32,64,128,2,8,8,82.51644134521484
2,3,4,3,4,4,4,4,4,16,16,32,64,32,1,2,1,32,64,128,8,2,4,82.37995147705078
2,1,3,4,4,1,1,4,4,8,16,16,24,16,1,1,1,16,16,32,2,4,2,80.05956268310547
4,4,2,3,1,2,4,2,4,16,24,24,24,24,1,4,2,32,16,16,8,2,4,80.89093017578125
1,4,1,2,2,2,2,2,1,8,8,16,24,16,4,1,1,16,16,32,8,2,2,77.37932586669922
4,4,4,2,4,4,1,2,1,24,24,48,80,48,2,4,4,32,64,64,4,4,2,83.34780883789062
2,1,4,2,1,2,1,2,1,8,16,16,24,16,1,4,2,16,16,64,2,8,8,79.15373992919922
1,2,1,2,1,4,1,2,2,8,8,8,16,8,2,1,1,16,16,32,8,8,8,75.443603515625
2,4,1,4,4,4,1,2,2,8,12,18,27,18,1,1,4,16,32,64,4,2,8,80.1216049194336
1,2,2,2,4,2,2,1,2,16,16,32,64,32,4,4,2,32,64,64,8,4,8,80.59312438964844
2,2,4,2,1,4,2,4,1,16,24,36,54,36,2,2,1,32,64,128,8,8,2,81.6478500366211
1,4,4,3,1,1,1,2,2,16,16,32,32,32,2,1,4,64,32,32,2,8,4,79.93547821044922
4,3,4,3,2,2,4,2,2,8,8,16,24,16,1,1,1,16,16,64,4,2,2,78.70703887939453
3,2,3,4,4,1,1,2,1,8,12,12,12,12,1,1,1,8,16,16,2,4,2,79.47636413574219
4,3,3,1,4,1,4,4,1,24,24,36,54,36,1,2,4,32,32,128,2,8,8,81.82156372070312
1,2,3,3,2,1,4,4,2,8,16,24,36,24,2,1,4,32,32,64,8,4,8,79.78657531738281
1,4,2,3,1,1,1,2,4,24,24,48,72,48,4,2,2,64,64,128,4,2,2,81.99528503417969
1,4,1,3,1,1,4,4,2,24,36,54,80,54,4,2,1,32,64,64,8,2,4,82.4419937133789
1,4,2,4,2,4,4,4,2,16,32,64,64,64,2,4,1,128,64,128,8,2,2,82.95073699951172
2,4,4,4,2,4,1,2,1,16,32,48,80,48,4,1,1,32,128,128,2,4,8,82.72738647460938
1,3,4,2,2,2,2,2,1,24,36,64,80,64,1,4,1,64,128,128,2,4,2,82.81424713134766
4,1,3,2,2,1,2,1,2,8,16,32,64,32,2,1,4,64,64,128,2,2,4,81.1639175415039
3,3,4,1,2,1,1,1,1,8,12,24,36,24,2,2,1,16,32,64,8,4,2,79.01725006103516
4,3,1,2,4,2,2,1,2,24,24,24,36,24,2,4,1,32,32,64,2,4,4,81.46172332763672
3,4,1,4,4,1,4,2,2,8,12,24,24,24,4,2,2,16,16,32,4,4,4,79.07929229736328
3,4,4,3,1,1,1,2,4,16,16,24,36,24,1,4,1,16,32,128,8,4,2,81.10187530517578
2,3,4,1,1,1,1,1,2,8,16,16,24,16,4,2,2,16,16,64,2,8,2,78.58295440673828
3,1,4,3,2,2,4,1,2,8,8,8,16,8,2,2,2,8,16,64,8,2,4,76.64722442626953
4,3,2,3,4,2,1,1,1,24,36,54,80,54,4,4,1,32,64,128,8,8,4,83.1740951538086
2,3,2,3,2,2,2,1,1,8,12,18,18,18,1,2,1,32,16,16,4,2,4,78.91798400878906
2,1,1,4,2,2,2,1,2,16,32,48,48,48,4,1,2,32,32,64,8,8,8,82.28067779541016
2,4,2,3,2,1,2,2,2,8,8,8,16,8,1,4,2,8,16,16,4,8,4,76.54795837402344
1,2,2,1,4,4,1,1,1,16,16,32,32,32,1,2,1,32,64,64,8,4,4,82.16900634765625
2,4,3,3,2,4,1,4,1,24,24,24,48,24,1,1,4,16,64,64,4,4,8,82.1565933227539
3,3,4,4,2,2,4,4,2,24,36,64,72,64,2,1,1,128,64,64,8,8,2,83.86896514892578
1,3,1,1,4,4,1,1,2,16,32,32,64,32,4,1,1,64,64,64,8,2,2,82.45439910888672
2,3,2,4,1,1,4,1,2,24,48,64,80,64,1,1,4,64,64,64,8,2,2,83.47189331054688
2,2,2,4,2,4,1,1,4,8,16,16,16,16,4,4,1,16,16,64,2,8,8,79.92306518554688
1,2,4,2,4,1,2,2,2,24,24,48,80,48,4,2,1,32,64,64,4,2,4,82.83906555175781
3,2,4,4,4,1,4,1,1,24,48,64,80,64,2,4,4,64,64,128,8,2,8,83.49671173095703
3,3,4,4,1,2,2,4,2,24,24,48,48,48,1,4,1,32,32,128,8,8,4,82.21863555908203
3,3,1,1,1,1,4,2,4,16,24,24,48,24,1,1,2,32,64,64,8,8,4,80.54349517822266
1,1,1,1,2,2,2,2,4,8,16,16,16,16,1,4,4,32,16,64,8,4,2,79.19096374511719
4,2,4,2,1,4,2,4,1,8,12,24,48,24,1,1,2,16,64,64,2,8,4,81.15150451660156
2,4,3,2,2,2,1,1,4,16,16,32,48,32,2,2,4,64,64,128,8,8,4,80.64276123046875
4,1,1,3,1,2,1,2,1,8,16,16,32,16,1,2,4,16,32,64,8,4,8,79.69971466064453
3,4,2,3,4,2,4,1,2,8,12,24,24,24,1,1,2,16,16,32,4,2,8,80.97779083251953
1,3,2,2,2,1,4,2,2,16,16,32,48,32,4,2,1,64,32,32,4,2,8,80.64276123046875
4,1,3,1,4,2,4,4,1,24,36,54,80,54,1,4,2,32,64,64,2,8,4,83.37262725830078
4,1,1,2,1,2,1,4,4,24,48,64,80,64,4,1,4,64,128,128,2,8,4,83.9186019897461
3,1,1,3,2,1,1,2,1,16,24,24,36,24,1,4,1,16,32,64,2,2,4,79.93547821044922
3,4,3,3,4,2,1,1,1,8,16,24,36,24,4,4,4,16,64,64,8,2,4,80.79166412353516
3,1,3,1,2,4,4,2,2,8,12,24,24,24,1,1,1,16,32,32,8,2,4,79.57563018798828
2,1,1,2,2,1,4,1,2,24,48,48,48,48,2,4,2,32,32,64,2,2,8,82.81424713134766
2,3,2,3,1,4,1,2,4,16,16,32,64,32,2,2,1,32,64,64,2,2,8,82.46680450439453
4,2,4,2,4,1,2,4,4,8,8,8,8,8,2,1,4,8,8,16,4,4,8,77.54064178466797
1,3,2,4,4,1,2,2,4,16,32,48,80,48,4,2,2,32,64,128,8,2,4,81.98287963867188
4,3,4,2,4,4,1,2,2,8,8,12,12,12,1,1,2,8,8,32,2,2,2,78.91798400878906
2,1,4,4,1,4,4,1,1,16,32,32,48,32,2,1,2,32,64,64,4,2,4,81.87120056152344
1,3,2,2,2,4,2,1,1,8,16,24,24,24,1,2,2,32,16,64,4,2,2,79.82379913330078
3,4,4,2,4,2,4,1,4,16,24,36,36,36,4,1,1,64,32,64,8,8,8,82.28067779541016
2,2,3,4,1,1,4,1,4,24,48,64,80,64,4,2,2,128,128,64,2,4,2,83.26094818115234
2,3,1,2,4,1,2,4,4,16,32,32,32,32,2,4,2,32,32,32,4,4,4,81.00260925292969
4,2,1,4,2,4,2,4,2,8,8,16,16,16,4,4,2,32,32,32,8,2,8,80.24568939208984
3,1,3,2,2,2,2,2,4,16,24,36,54,36,2,1,2,32,64,32,8,4,8,81.6106185913086
4,1,4,3,1,1,1,1,1,16,24,24,36,24,1,1,2,16,32,32,8,2,2,80.96537780761719
4,4,2,2,2,4,2,1,4,16,24,24,36,24,4,2,2,16,64,64,4,2,2,83.09963989257812
4,2,3,4,4,4,1,2,2,16,24,48,80,48,4,4,1,64,128,128,4,8,4,82.87628936767578
2,4,1,2,1,4,2,4,4,16,32,64,64,64,2,2,4,128,64,64,8,8,2,83.8193359375
3,1,4,2,4,2,2,1,4,24,24,36,72,36,4,4,4,32,64,64,2,2,2,82.92591857910156
3,2,2,1,1,1,4,1,2,8,12,24,48,24,1,2,1,32,32,32,8,4,4,78.95520782470703
3,2,2,3,4,4,1,1,2,16,16,24,24,24,1,2,2,16,32,32,2,2,4,81.25077819824219
1,4,3,4,1,1,4,1,4,8,8,8,16,8,1,2,1,8,16,16,8,8,2,75.92753601074219
3,4,3,4,4,4,4,1,2,8,12,18,18,18,2,1,2,16,16,32,4,2,8,80.24568939208984
2,4,4,3,1,2,2,2,1,24,24,24,36,24,2,4,1,16,32,32,2,2,4,81.37486267089844
2,2,2,4,1,4,1,4,1,24,48,48,48,48,1,1,2,32,32,64,4,8,2,83.32299041748047
4,1,3,3,2,4,2,2,2,8,8,8,12,8,1,2,2,8,16,16,4,8,2,79.29023742675781
4,3,1,1,2,2,2,2,2,32,32,64,64,64,4,4,1,128,64,128,8,4,2,83.64561462402344
2,3,1,2,4,1,4,4,2,8,8,8,12,8,2,1,4,8,16,8,2,4,2,78.40923309326172
4,4,4,4,1,1,2,4,2,8,16,32,48,32,1,4,2,32,32,128,4,2,8,79.76175689697266
3,3,1,3,1,2,1,4,2,16,32,48,96,48,2,2,2,32,128,64,8,8,8,82.05732727050781
2,2,2,2,1,1,2,1,1,24,36,72,72,72,1,2,2,128,64,64,4,2,4,82.24345397949219
2,1,4,1,2,1,2,2,1,16,16,16,32,16,2,1,4,16,32,32,8,8,2,80.07196807861328
3,2,3,1,2,2,4,2,1,8,12,18,27,18,2,2,4,32,16,32,2,2,4,79.97270202636719
3,3,2,3,1,1,4,1,1,8,16,24,36,24,4,2,4,16,32,32,8,4,4,79.93547821044922
3,3,2,3,4,2,1,1,2,8,12,18,27,18,2,1,1,32,16,16,4,4,8,80.10919189453125
1,3,2,3,1,4,1,1,4,16,24,36,72,36,4,4,2,32,64,256,4,4,2,82.23104858398438
1,1,1,4,2,1,1,4,4,16,24,48,48,48,1,2,1,32,32,32,4,2,8,81.56098937988281
2,2,2,2,4,4,1,2,4,8,16,32,32,32,4,4,1,32,32,64,2,8,8,81.70989227294922
4,3,4,2,1,2,4,1,1,16,16,16,24,16,2,2,1,32,32,32,4,2,8,79.81139373779297
2,1,3,2,4,1,2,4,1,24,36,54,81,54,4,2,1,32,64,128,4,8,4,83.06241607666016
4,1,3,3,4,2,4,1,1,16,24,48,96,48,1,1,2,32,64,128,8,4,2,81.38726806640625
2,1,2,4,1,2,1,2,1,16,24,36,54,36,1,2,1,32,64,128,2,2,4,81.06465148925781
3,1,1,3,4,1,4,2,2,8,8,12,24,12,2,4,1,16,16,16,4,8,2,78.23551177978516
4,2,3,2,2,2,2,2,2,16,32,32,32,32,4,1,1,64,32,32,4,4,4,82.36753845214844
4,4,2,1,2,1,2,1,2,32,48,72,72,72,1,2,2,128,64,64,8,4,4,83.12445831298828
2,1,3,3,4,2,1,1,4,16,16,32,64,32,1,1,4,32,64,128,4,8,8,81.92083740234375
4,3,4,1,1,1,4,4,2,32,48,48,96,48,4,1,1,64,128,128,8,2,8,82.31790924072266
2,2,3,3,2,2,4,2,2,8,12,12,18,12,1,4,4,8,32,16,4,8,8,77.3172836303711
4,4,1,2,2,4,1,4,1,8,12,18,18,18,2,4,1,32,16,32,8,2,2,80.45663452148438
1,1,2,1,1,4,4,4,4,24,48,96,128,96,1,2,2,64,128,128,2,4,2,84.57624816894531
3,2,2,3,1,1,2,2,4,32,48,48,72,48,2,1,1,32,64,64,4,2,4,83.09963989257812
4,4,4,1,2,1,2,4,2,24,24,36,54,36,1,1,2,64,32,32,8,8,8,81.18873596191406
2,2,1,1,2,2,2,1,4,24,36,54,81,54,4,1,1,32,64,64,8,4,8,83.14927673339844
1,1,2,1,4,4,4,1,4,32,32,48,48,48,4,1,1,32,32,64,8,4,2,82.82665252685547
1,2,1,3,4,4,1,4,2,24,48,96,128,96,4,1,2,128,128,256,4,4,8,84.55143737792969
1,2,4,1,2,4,2,1,2,24,48,72,108,72,1,1,4,128,64,64,4,8,2,82.8886947631836
1,1,2,3,4,2,1,1,2,32,48,72,108,72,2,1,1,64,128,128,4,2,4,83.74488067626953
3,1,2,2,1,2,4,2,1,16,24,36,36,36,4,2,1,32,64,32,8,2,4,80.50626373291016
2,3,1,1,2,4,2,1,2,24,36,54,54,54,4,4,2,32,32,32,4,2,8,83.01277923583984
2,2,2,3,1,1,2,2,2,16,32,48,48,48,1,1,2,32,32,64,8,4,8,81.62303161621094
2,2,2,2,4,1,2,4,4,32,32,32,64,32,2,1,4,32,128,256,8,2,4,82.1565933227539
2,3,2,3,1,4,1,1,2,32,48,48,72,48,2,4,2,64,64,128,4,4,4,83.9186019897461
2,1,3,1,4,1,1,1,4,16,32,48,72,48,2,4,4,32,128,128,2,2,4,82.36753845214844
1,4,2,3,1,4,1,2,1,8,12,12,12,12,2,2,1,8,8,32,2,8,8,78.32237243652344
3,2,2,4,4,2,2,4,1,16,16,24,24,24,1,4,1,32,16,16,2,2,2,81.20114135742188
3,1,3,2,1,1,2,1,1,16,16,16,16,16,4,4,1,16,16,32,2,4,8,78.75666809082031
1,1,1,1,1,1,4,2,1,32,32,32,32,32,2,2,4,64,32,32,8,2,8,80.9157485961914
4,2,1,4,1,4,2,4,2,16,32,64,64,64,2,2,2,64,128,128,2,4,2,81.42449188232422
3,2,3,3,4,1,2,2,4,32,48,48,96,48,1,2,2,64,64,256,2,4,8,83.2857666015625
1,3,1,2,2,2,2,2,2,32,48,48,96,48,2,4,2,32,128,256,4,4,2,82.7894287109375
2,3,1,2,4,4,1,2,2,24,36,36,54,36,1,4,1,32,32,64,4,4,4,83.26094818115234
1,4,4,4,2,1,4,2,2,16,16,16,24,16,1,1,1,32,16,32,2,2,8,78.53331756591797
3,2,3,1,2,2,2,2,1,8,12,12,24,12,2,2,2,8,16,16,8,4,2,78.73184967041016
2,2,2,2,1,2,4,1,2,8,8,16,24,16,4,2,2,16,16,32,2,2,8,77.71435546875
1,3,3,3,4,1,1,1,4,16,16,16,32,16,4,2,1,16,32,32,4,4,8,79.61285400390625
2,3,2,2,1,1,2,1,1,24,24,24,24,24,1,4,2,16,16,32,8,4,4,80.15882873535156
2,4,3,2,1,2,1,1,1,8,16,16,24,16,2,1,1,16,16,32,4,4,8,78.08660888671875
3,4,3,1,1,4,1,2,4,8,16,16,16,16,1,2,1,16,16,16,2,8,4,79.91065979003906
3,4,2,1,2,1,4,1,2,24,48,96,96,96,4,4,1,64,64,64,4,2,4,82.95073699951172
2,1,1,4,1,1,2,1,2,8,8,12,12,12,4,4,4,8,8,16,2,8,8,77.59027099609375
2,2,4,4,2,1,2,2,4,8,8,12,12,12,4,2,1,8,8,16,8,2,2,77.63990783691406
4,3,3,3,4,1,2,4,4,16,24,36,36,36,4,2,2,32,32,64,2,4,2,81.3996810913086
1,1,1,2,1,2,1,1,4,8,12,24,48,24,1,2,2,16,32,128,8,4,2,79.99752044677734
2,2,4,4,1,4,1,2,1,16,16,24,36,24,1,4,4,32,32,32,8,4,8,81.25077819824219
3,2,1,1,2,1,2,2,2,32,32,64,128,64,4,4,1,128,128,256,2,2,8,84.07991027832031
4,2,2,3,2,1,1,1,2,32,64,96,128,96,1,1,2,128,256,128,8,2,2,83.74488067626953
4,3,3,2,2,2,4,1,2,16,32,32,32,32,1,4,2,32,32,32,2,2,2,81.25077819824219
1,2,3,1,4,1,4,2,4,24,24,48,48,48,4,1,1,32,32,64,4,4,2,82.05732727050781
1,2,1,4,4,2,1,4,2,24,24,24,24,24,2,4,2,32,16,32,2,8,4,81.10187530517578
2,3,3,2,2,2,4,2,2,8,12,24,48,24,2,4,1,16,32,64,4,8,4,78.5953598022461
1,4,1,2,2,2,1,2,4,24,24,48,96,48,4,2,1,32,64,256,4,4,8,82.73979187011719
3,2,1,4,2,2,4,2,2,16,32,32,32,32,2,1,4,32,32,64,2,4,8,81.3996810913086
3,2,2,4,1,2,1,1,1,8,12,12,12,12,2,2,1,8,8,8,8,2,2,77.98734283447266
2,3,1,1,4,1,4,4,4,24,36,54,54,54,4,1,1,64,64,64,8,2,2,82.4047622680664
3,3,2,4,2,2,2,1,2,32,48,96,96,96,4,1,4,64,64,128,4,2,8,84.29085540771484
1,1,1,3,1,1,1,4,2,8,8,16,16,16,2,2,4,16,16,16,4,2,4,76.54795837402344
1,2,1,2,2,1,1,1,1,24,24,48,72,48,4,1,2,64,64,64,8,4,2,82.0076904296875
2,3,4,3,4,1,2,1,4,24,48,72,72,72,2,4,2,64,64,64,8,4,8,83.65802001953125
3,1,1,2,1,1,1,1,1,16,24,48,96,48,2,1,2,32,64,128,8,4,4,81.31282043457031
4,2,4,4,1,2,4,4,1,8,8,16,16,16,1,2,2,32,16,16,8,4,8,78.83112335205078
4,1,1,1,2,1,1,1,1,32,64,64,64,64,1,4,2,128,128,64,8,2,2,82.83906555175781
2,1,4,1,2,4,4,4,4,16,24,48,96,48,1,1,2,32,128,128,4,4,8,82.61570739746094
2,3,4,2,2,2,1,2,2,32,48,96,128,96,1,2,4,64,128,128,8,4,4,83.62079620361328
3,3,3,3,1,4,2,2,2,16,16,24,24,24,2,2,2,16,16,64,2,8,2,80.99019622802734
1,3,2,2,1,4,2,2,2,24,36,54,108,54,1,2,1,32,128,128,8,4,8,83.98064422607422
1,1,4,1,4,1,1,2,2,16,32,32,48,32,4,2,2,32,32,64,2,4,2,81.59821319580078
1,2,4,4,1,1,2,2,2,8,16,16,32,16,2,2,4,32,64,64,2,2,8,78.66980743408203
2,3,2,3,1,1,2,4,2,16,16,24,48,24,4,4,1,32,32,64,2,4,8,80.30773162841797
3,2,3,3,1,2,1,4,2,32,64,96,128,96,1,2,2,128,128,128,2,8,4,84.43975830078125
1,3,1,1,2,2,4,1,4,8,12,24,48,24,2,2,4,16,32,128,8,2,2,80.5186767578125
4,1,1,4,1,2,2,1,1,16,24,24,36,24,1,1,1,16,32,64,2,4,8,80.89093017578125
1,4,1,1,1,2,1,2,4,24,36,36,54,36,1,2,1,64,32,64,8,4,4,81.12669372558594
2,3,2,2,2,1,4,2,1,32,48,72,128,72,2,2,1,64,128,128,4,4,4,83.65802001953125
3,3,1,2,1,4,4,2,4,8,8,8,8,8,2,1,1,8,8,8,4,4,8,77.88807678222656
3,1,3,2,1,4,2,2,2,16,32,64,96,64,4,2,1,64,64,128,8,4,2,83.2857666015625
3,2,3,2,4,1,1,1,4,32,32,32,32,32,2,2,2,32,32,64,2,2,4,82.06973266601562
4,1,1,1,2,2,4,4,2,8,8,12,12,12,1,1,1,8,8,8,4,4,2,76.0888442993164
2,4,3,3,2,2,2,4,2,24,36,54,108,54,2,1,2,32,64,128,4,8,2,82.91351318359375
1,3,1,1,2,2,1,4,2,16,32,32,32,32,2,1,1,32,32,64,2,8,2,80.94056701660156
1,1,1,1,2,4,2,4,2,16,16,16,24,16,2,4,2,32,16,16,2,2,4,78.98002624511719
2,1,1,2,2,2,1,1,2,8,8,8,16,8,2,1,4,16,16,16,4,2,2,77.14356994628906
1,1,3,2,2,4,2,4,4,24,48,96,96,96,4,2,2,64,128,128,8,4,2,83.6704330444336
1,1,1,1,2,1,1,4,1,24,24,24,48,24,1,4,4,16,64,64,2,8,4,81.31282043457031
2,1,3,2,1,4,1,4,1,16,16,24,24,24,2,4,2,32,16,64,2,2,4,80.1216049194336
2,4,3,1,4,4,4,4,1,24,48,48,48,48,4,2,4,32,32,64,4,4,4,83.16168212890625
1,2,4,1,1,4,1,1,1,24,48,48,72,48,4,2,1,32,128,256,8,8,8,82.85147094726562
4,1,3,3,1,1,4,1,1,16,24,36,54,36,1,2,1,32,32,64,2,4,4,80.81648254394531
2,3,2,3,1,4,4,4,1,16,16,16,16,16,2,4,2,16,16,16,4,4,8,80.85370635986328
3,2,2,3,4,1,1,2,4,32,48,72,108,72,2,2,4,64,128,128,4,4,4,84.11713409423828
1,4,1,4,4,1,2,4,2,8,8,8,12,8,1,1,4,8,16,8,4,8,2,78.73184967041016
2,4,1,1,2,2,2,4,4,8,8,8,12,8,4,2,1,8,8,16,2,8,2,77.45378112792969
2,4,4,2,2,4,2,4,1,16,24,36,72,36,1,1,4,32,64,64,8,4,4,82.6901626586914
2,4,1,3,1,2,2,1,1,16,24,36,36,36,2,2,2,64,32,64,4,4,4,82.18141174316406
4,3,3,4,1,1,1,2,4,16,16,32,48,32,1,4,4,32,32,128,4,2,2,80.3697738647461
4,1,2,2,2,2,4,2,4,32,32,32,32,32,2,2,2,64,32,64,4,8,4,81.83397674560547
3,2,1,3,2,4,2,1,4,24,48,48,48,48,2,2,4,32,64,32,8,2,4,83.36022186279297
3,3,2,1,2,2,2,1,4,8,8,12,18,12,1,1,1,8,16,16,4,4,4,76.89539337158203
4,3,1,2,2,1,4,1,4,24,48,96,96,96,4,4,4,64,64,256,2,4,4,82.82665252685547
3,2,3,3,1,2,2,4,4,8,12,12,18,12,1,1,1,16,16,32,2,2,2,77.34210205078125
1,3,3,4,1,2,1,1,1,8,8,16,16,16,1,2,4,16,32,64,2,2,8,78.58295440673828
1,3,1,1,1,4,1,4,1,8,8,16,16,16,2,1,1,16,32,16,2,8,2,78.90557098388672
1,4,1,4,2,1,2,2,2,16,32,32,64,32,4,2,4,64,64,128,4,8,8,80.59312438964844
3,1,1,3,1,4,2,2,2,24,24,24,36,24,2,2,4,16,32,64,2,4,2,83.44707489013672
4,1,2,4,2,1,1,4,2,16,24,36,36,36,4,4,1,32,64,64,2,8,2,80.94056701660156
4,2,2,2,1,1,2,1,1,32,48,72,72,72,1,4,1,64,64,64,8,8,2,82.51644134521484
2,2,1,1,4,4,1,1,4,32,32,32,32,32,2,1,4,32,32,32,8,8,8,83.03759765625
2,3,1,4,2,4,1,2,2,24,36,54,54,54,2,4,4,32,64,32,2,2,2,82.8886947631836
3,2,3,2,4,1,4,4,2,24,24,48,72,48,1,1,4,32,128,128,2,2,8,82.21863555908203
1,2,1,1,1,2,4,2,2,8,8,12,18,12,1,2,4,16,16,64,2,4,4,77.77639770507812
3,2,3,4,4,4,2,2,1,16,32,32,64,32,4,1,1,32,64,64,8,8,2,83.50911712646484
3,2,2,4,2,2,1,2,4,8,12,18,18,18,1,2,1,32,32,16,4,2,8,79.52599334716797
1,4,3,1,4,2,4,4,1,8,8,8,8,8,1,2,2,8,16,8,2,4,2,76.23774719238281
4,1,1,4,1,2,2,2,4,16,16,24,24,24,1,4,2,16,32,16,8,4,4,79.53840637207031
3,3,1,3,2,2,1,4,1,24,48,96,128,96,2,4,1,64,128,128,8,2,4,83.59597778320312
1,3,1,3,2,2,4,1,1,8,12,18,27,18,2,4,4,16,16,32,4,4,4,79.05447387695312
1,3,2,3,4,1,2,4,1,8,16,32,48,32,1,1,4,32,64,128,2,8,4,81.15150451660156
1,3,1,2,2,1,4,2,1,32,48,72,72,72,2,4,1,64,64,128,4,8,2,83.11205291748047
3,3,4,3,2,2,4,4,2,8,8,16,16,16,2,4,2,16,16,32,2,2,4,79.01725006103516
1,3,4,1,2,1,1,4,1,16,24,24,48,24,1,4,2,16,64,32,2,4,2,79.3895034790039
1,3,2,3,2,2,4,2,1,32,64,96,96,96,2,2,1,64,64,128,8,2,2,84.29085540771484
3,1,4,1,1,1,1,4,1,8,8,8,16,8,4,1,2,8,32,32,4,4,4,76.27497100830078
2,3,1,3,2,2,1,2,2,24,24,24,36,24,4,2,2,32,64,32,2,2,8,81.42449188232422
1,4,4,1,2,4,4,2,2,8,8,8,16,8,2,4,4,8,16,16,8,2,2,75.96475982666016
2,3,3,2,4,4,2,1,1,8,12,18,27,18,4,1,1,16,16,32,2,8,2,80.22087097167969
2,3,3,4,2,2,1,1,2,16,24,36,36,36,4,1,4,32,32,64,4,4,2,80.97779083251953
2,3,3,1,1,1,4,4,2,8,8,8,12,8,2,1,1,8,16,16,2,4,2,74.37647247314453
2,1,2,4,2,1,2,2,4,32,32,32,48,32,4,1,4,32,64,128,4,4,8,81.68507385253906
4,1,3,1,2,1,2,4,1,8,12,18,36,18,4,1,2,16,32,32,2,4,8,79.51358795166016
3,1,3,4,4,2,4,4,1,16,16,16,32,16,2,1,4,16,32,32,8,8,4,79.41432189941406
1,1,1,2,4,2,1,4,2,32,64,96,128,96,4,1,4,128,128,512,2,4,8,84.35289764404297
2,1,1,2,1,4,1,2,2,16,32,32,32,32,1,2,4,32,32,32,2,4,8,81.7967529296875
3,3,3,3,4,1,1,1,1,24,48,48,96,48,4,1,4,32,64,128,4,4,8,83.03759765625
2,4,1,4,2,1,2,2,1,16,16,24,36,24,1,2,2,32,32,64,4,8,4,80.07196807861328
4,1,2,1,2,1,1,4,4,8,12,24,36,24,1,4,4,16,64,32,8,8,2,79.12892150878906
4,3,3,4,2,4,2,2,2,16,32,48,96,48,1,4,1,32,128,128,2,4,8,83.3850326538086
2,1,4,2,4,2,2,1,1,24,48,72,108,72,2,1,2,64,64,128,8,4,4,83.4346694946289
1,2,3,4,1,2,1,2,4,24,36,54,81,54,1,2,4,32,64,64,4,8,8,83.37262725830078
1,4,1,3,2,2,2,1,2,8,12,12,12,12,2,2,1,8,16,8,8,2,8,83.19890594482422
2,4,1,1,2,4,2,4,4,32,48,96,96,96,1,1,4,128,128,128,2,2,2,81.26318359375
1,1,1,2,1,2,4,4,4,8,8,16,32,16,1,1,2,16,64,64,8,2,8,81.1639175415039
2,2,2,2,4,4,1,1,2,16,24,24,48,24,2,2,2,16,32,32,2,4,2,80.3821792602539
3,1,2,4,4,2,2,2,1,24,36,54,54,54,2,1,1,32,32,64,8,2,4,78.95520782470703
3,3,4,4,2,2,2,2,4,8,16,16,16,16,4,1,1,32,16,16,2,2,8,81.49894714355469
4,1,1,3,2,4,1,2,2,8,16,32,48,32,1,4,2,32,32,64,4,2,4,83.19890594482422
3,1,1,2,2,4,4,2,2,8,16,32,48,32,2,4,4,64,64,64,4,2,8,80.60553741455078
2,3,1,1,1,1,1,2,4,32,32,32,32,32,4,4,4,32,32,64,4,4,4,82.3923568725586
3,4,1,1,4,2,2,4,2,16,24,24,36,24,1,4,4,16,32,32,4,8,2,81.56098937988281
2,2,2,3,1,4,2,2,1,32,32,64,96,64,2,2,4,64,64,256,2,4,8,83.5711669921875
2,4,3,3,1,4,1,2,2,16,16,16,24,16,4,4,2,16,32,32,2,2,8,80.5186767578125
3,1,3,2,4,2,2,4,4,24,36,72,108,72,4,4,4,64,64,128,8,2,8,78.07420349121094
3,3,2,2,1,1,4,1,1,8,16,32,48,32,2,2,1,64,32,64,4,4,2,80.77925109863281
1,2,2,4,1,1,4,1,1,8,8,12,12,12,2,1,2,16,8,16,4,2,4,82.76461029052734
3,1,3,1,4,1,2,1,1,8,16,16,32,16,2,4,1,16,32,32,2,2,2,81.48653411865234
2,3,4,3,4,2,2,1,1,32,64,64,96,64,1,2,2,64,64,128,8,8,2,83.50911712646484
1,4,2,4,1,2,4,2,4,16,16,16,24,16,1,4,2,16,32,32,8,4,4,82.87628936767578
1,4,1,3,2,2,2,1,2,8,12,12,12,12,2,2,1,8,16,8,8,2,8,76.70926666259766
2,4,1,1,2,4,2,4,4,32,48,96,96,96,1,1,4,128,128,128,2,2,2,84.50180053710938
1,1,1,2,1,2,4,4,4,8,8,16,32,16,1,1,2,16,64,64,8,2,8,79.01725006103516
2,2,2,2,4,4,1,1,2,16,24,24,48,24,2,2,2,16,32,32,2,4,2,82.65293884277344
3,1,2,4,4,2,2,2,1,24,36,54,54,54,2,1,1,32,32,64,8,2,4,82.67774963378906
3,3,4,4,2,2,2,2,4,8,16,16,16,16,4,1,1,32,16,16,2,2,8,78.90557098388672
4,1,1,3,2,4,1,2,2,8,16,32,48,32,1,4,2,32,32,64,4,2,4,81.3996810913086
3,1,1,2,2,4,4,2,2,8,16,32,48,32,2,4,4,64,64,64,4,2,8,80.96537780761719
2,3,1,1,1,1,1,2,4,32,32,32,32,32,4,4,4,32,32,64,4,4,4,81.1142807006836
3,4,1,1,4,2,2,4,2,16,24,24,36,24,1,4,4,16,32,32,4,8,2,80.40699768066406
2,2,2,3,1,4,2,2,1,32,32,64,96,64,2,2,4,64,64,256,2,4,8,83.84414672851562
2,4,3,3,1,4,1,2,2,16,16,16,24,16,4,4,2,16,32,32,2,2,8,80.20846557617188
3,1,3,2,4,2,2,4,4,24,36,72,108,72,4,4,4,64,64,128,8,2,8,83.29817962646484
3,3,2,2,1,1,4,1,1,8,16,32,48,32,2,2,1,64,32,64,4,4,2,80.80406951904297
1,2,2,4,1,1,4,1,1,8,8,12,12,12,2,1,2,16,8,16,4,2,4,75.15821075439453
3,1,3,1,4,1,2,1,1,8,16,16,32,16,2,4,1,16,32,32,2,2,2,79.82379913330078
2,3,4,3,4,2,2,1,1,32,64,64,96,64,1,2,2,64,64,128,8,8,2,83.58357238769531
1,4,2,4,1,2,4,2,4,16,16,16,24,16,1,4,2,16,32,32,8,4,4,79.3895034790039
3,4,2,2,4,2,2,1,4,24,24,36,36,36,4,4,1,32,32,64,2,4,2,81.73471069335938
1,1,1,1,2,1,4,4,1,32,32,48,48,48,2,1,1,32,32,64,4,8,4,81.8960189819336
1,3,1,3,1,2,2,1,2,24,36,36,54,36,4,1,4,32,32,32,2,2,4,82.10696411132812
1,1,3,2,1,2,1,4,4,16,24,36,54,36,1,2,2,64,32,64,8,8,8,80.56830596923828
2,2,3,2,1,1,1,2,1,32,64,96,128,96,2,2,4,64,256,256,2,4,4,83.60839080810547
2,3,2,2,2,1,4,4,1,24,36,36,72,36,1,1,4,64,64,64,8,4,2,81.53617095947266
4,1,1,1,4,1,4,2,1,24,36,54,108,54,1,2,1,32,64,128,8,4,8,83.02519226074219
1,4,1,1,2,1,2,2,2,32,32,48,72,48,1,4,2,32,64,64,2,8,8,82.08214569091797
1,2,2,1,1,1,4,2,1,16,24,36,54,36,1,4,1,32,32,32,4,2,8,80.14642333984375
1,3,1,1,1,4,1,2,4,8,12,12,24,12,1,1,2,16,16,32,4,8,2,76.98225402832031
1,4,4,4,2,1,1,4,2,16,32,64,96,64,4,1,1,64,64,256,8,2,2,83.06241607666016
1,4,3,3,2,2,1,4,1,24,36,36,36,36,4,4,1,32,32,32,8,4,4,81.48653411865234
2,4,2,3,2,2,2,4,1,8,16,24,36,24,2,2,1,16,64,128,4,8,2,80.28291320800781
4,1,2,1,4,4,2,4,4,16,32,32,64,32,4,2,1,64,64,256,8,4,8,83.6704330444336
